Date,Time,Cur,Imp,Event,Actual,Forecast,Previous
"Monday, March 31, 2025",01:00,JPY,,Construction Orders (YoY)  (Feb),-3.3%,,12.2%
"Monday, March 31, 2025",01:00,JPY,,Housing Starts (YoY)  (Feb),2.4%,-2.3%,-4.6%
"Monday, March 31, 2025",02:00,EUR,,German Import Price Index (MoM)  (Feb),0.3%,0.0%,1.1%
"Monday, March 31, 2025",02:00,EUR,,German Import Price Index (YoY)  (Feb),3.6%,,3.1%
"Monday, March 31, 2025",02:00,EUR,,German Retail Sales (MoM)  (Feb),0.8%,0.0%,0.7%
"Monday, March 31, 2025",02:00,EUR,,German Retail Sales (YoY)  (Feb),4.9%,,4.0%
"Monday, March 31, 2025",02:00,ZAR,,M3 Money Supply (YoY)  (Feb),6.10%,,7.10%
"Monday, March 31, 2025",02:00,ZAR,,Private Sector Credit  (Feb),3.68%,,4.59%
"Monday, March 31, 2025",03:00,CHF,,Official Reserves Assets  (Feb),833.6B,,834.7B
"Monday, March 31, 2025",04:00,EUR,,Baden Wuerttemberg CPI (MoM)  (Mar),0.2%,,0.5%
"Monday, March 31, 2025",04:00,EUR,,Baden Wuerttemberg CPI (YoY)  (Mar),2.2%,,2.5%
"Monday, March 31, 2025",04:00,EUR,,Bavaria CPI (YoY)  (Mar),2.3%,,2.4%
"Monday, March 31, 2025",04:00,EUR,,Bavaria CPI (MoM)  (Mar),0.3%,,0.4%
"Monday, March 31, 2025",04:00,EUR,,Brandenburg CPI (MoM)  (Mar),0.4%,,0.6%
"Monday, March 31, 2025",04:00,EUR,,Brandenburg CPI (YoY)  (Mar),2.3%,,2.3%
"Monday, March 31, 2025",04:00,EUR,,Hesse CPI (MoM)  (Mar),0.4%,,0.3%
"Monday, March 31, 2025",04:00,EUR,,Hesse CPI (YoY)  (Mar),2.4%,,2.3%
"Monday, March 31, 2025",04:00,EUR,,North Rhine Westphalia CPI (MoM)  (Mar),0.3%,,1.9%
"Monday, March 31, 2025",04:00,EUR,,North Rhine Westphalia CPI (YoY)  (Mar),1.9%,,1.9%
"Monday, March 31, 2025",04:00,EUR,,Saxony CPI (YoY)  (Mar),2.5%,,2.3%
"Monday, March 31, 2025",04:00,EUR,,Saxony CPI (MoM)  (Mar),0.6%,,0.3%
"Monday, March 31, 2025",04:00,EUR,,Spanish Current account  (Jan),1.20B,,1.67B
"Monday, March 31, 2025",04:30,GBP,,BoE Consumer Credit  (Feb),1.358B,,1.701B
"Monday, March 31, 2025",04:30,GBP,,M3 Money Supply  (Feb),"3,119.0B",,"3,112.6B"
"Monday, March 31, 2025",04:30,GBP,,M4 Money Supply (MoM)  (Feb),0.2%,1.1%,1.4%
"Monday, March 31, 2025",04:30,GBP,,Mortgage Approvals  (Feb),65.48K,66.00K,66.04K
"Monday, March 31, 2025",04:30,GBP,,Mortgage Lending  (Feb),3.29B,,4.23B
"Monday, March 31, 2025",04:30,GBP,,Net Lending to Individuals  (Feb),4.600B,4.900B,5.947B
"Monday, March 31, 2025",04:30,HKD,,M3 Money Supply  (Feb),6.8%,,4.5%
"Monday, March 31, 2025",04:30,HKD,,Retail Sales (YoY)  (Feb),-13.0%,,-3.2%
"Monday, March 31, 2025",05:00,EUR,,Italian CPI (MoM)  (Mar),0.4%,0.0%,0.2%
"Monday, March 31, 2025",05:00,EUR,,Italian CPI (YoY)  (Mar),2.0%,1.6%,1.6%
"Monday, March 31, 2025",05:00,EUR,,Italian HICP (MoM)  (Mar),1.6%,,0.1%
"Monday, March 31, 2025",05:00,EUR,,Italian HICP (YoY)  (Mar),2.1%,,1.7%
"Monday, March 31, 2025",07:25,BRL,,BCB Focus Market Readout,,,
"Monday, March 31, 2025",08:00,EUR,,German CPI (YoY)  (Mar),2.2%,2.2%,2.3%
"Monday, March 31, 2025",08:00,EUR,,German CPI (MoM)  (Mar),0.3%,0.3%,0.4%
"Monday, March 31, 2025",08:00,EUR,,German HICP (YoY)  (Mar),2.3%,2.4%,2.6%
"Monday, March 31, 2025",08:00,EUR,,German HICP (MoM)  (Mar),0.4%,0.5%,0.5%
"Monday, March 31, 2025",08:00,ZAR,,Trade Balance  (Feb),20.90B,,-16.81B
"Monday, March 31, 2025",09:00,EUR,,French 12-Month BTF Auction,,,2.226%
"Monday, March 31, 2025",09:00,EUR,,French 3-Month BTF Auction,,,2.300%
"Monday, March 31, 2025",09:00,EUR,,French 6-Month BTF Auction,,,2.282%
"Monday, March 31, 2025",09:30,BRL,,Federal Tax Revenue  (Jan),,,261.30B
"Monday, March 31, 2025",09:45,USD,,Chicago PMI  (Mar),,45.5,45.5
"Monday, March 31, 2025",10:30,USD,,Dallas Fed Mfg Business Index  (Mar),,,-8.3
"Monday, March 31, 2025",11:30,USD,,3-Month Bill Auction,,,4.190%
"Monday, March 31, 2025",11:30,USD,,6-Month Bill Auction,,,4.085%
"Monday, March 31, 2025",18:00,AUD,,Judo Bank Manufacturing PMI  (Mar),,52.6,50.4
"Monday, March 31, 2025",19:01,GBP,,BRC Shop Price Index (YoY),,,-0.7%
"Monday, March 31, 2025",19:30,JPY,,Jobs/applications ratio  (Feb),,1.26,1.26
"Monday, March 31, 2025",19:30,JPY,,Unemployment Rate  (Feb),,2.5%,2.5%
"Monday, March 31, 2025",19:50,JPY,,Tankan All Big Industry CAPEX  (Q1),,,11.3%
"Monday, March 31, 2025",19:50,JPY,,Tankan All Small Industry CAPEX  (Q1),,,4.0%
"Monday, March 31, 2025",19:50,JPY,,Tankan Big Manufacturing Outlook Index  (Q1),,9,13
"Monday, March 31, 2025",19:50,JPY,,Tankan Large Manufacturers Index  (Q1),,12,14
"Monday, March 31, 2025",19:50,JPY,,Tankan Large Non-Manufacturers Diffusion Index  (Q1),,29,28
"Monday, March 31, 2025",19:50,JPY,,Tankan Large Non-Manufacturers Index  (Q1),,33,33
"Monday, March 31, 2025",19:50,JPY,,Tankan Small Manufacturers Diffusion Index  (Q1),,,0
"Monday, March 31, 2025",19:50,JPY,,Tankan Small Manufacturing Index  (Q1),,-1,1
"Monday, March 31, 2025",19:50,JPY,,Tankan Small Non-Manufacturers Diffusion Index  (Q1),,,8
"Monday, March 31, 2025",19:50,JPY,,Tankan Small Non-Manufacturing Index  (Q1),,,16
"Monday, March 31, 2025",20:00,KRW,,Exports (YoY)  (Mar),,3.5%,0.7%
"Monday, March 31, 2025",20:00,KRW,,Imports (YoY)  (Mar),,2.3%,0.2%
"Monday, March 31, 2025",20:00,KRW,,Trade Balance  (Mar),,6.10B,4.15B
"Monday, March 31, 2025",20:30,KRW,,S&P Global South Korea Manufacturing PMI  (Mar),,,49.9
"Monday, March 31, 2025",20:30,AUD,,Retail Sales (MoM)  (Feb),,0.3%,0.3%
"Monday, March 31, 2025",20:30,JPY,,au Jibun Bank Manufacturing PMI  (Mar),,48.3,49.0
"Monday, March 31, 2025",21:00,SGD,,URA Property Index (QoQ)  (Q1),,,2.30%
"Monday, March 31, 2025",21:45,CNY,,Caixin Manufacturing PMI  (Mar),,50.6,50.8
"Monday, March 31, 2025",23:30,AUD,,RBA Interest Rate Decision  (Apr),,4.10%,4.10%
"Monday, March 31, 2025",23:30,AUD,,RBA Rate Statement,,,
"Tuesday, April 1, 2025",01:30,AUD,,Commodity Prices (YoY)  (Mar),,,-8.2%
"Tuesday, April 1, 2025",02:00,GBP,,Nationwide HPI (MoM)  (Mar),,0.2%,0.4%
"Tuesday, April 1, 2025",02:00,GBP,,Nationwide HPI (YoY)  (Mar),,,3.9%
"Tuesday, April 1, 2025",02:30,CHF,,Retail Sales (YoY)  (Feb),,1.5%,1.3%
"Tuesday, April 1, 2025",03:15,EUR,,HCOB Spain Manufacturing PMI  (Mar),,49.9,49.7
"Tuesday, April 1, 2025",03:30,CHF,,procure.ch Manufacturing PMI  (Mar),,50.4,49.6
"Tuesday, April 1, 2025",03:45,EUR,,HCOB Italy Manufacturing PMI  (Mar),,47.9,47.4
"Tuesday, April 1, 2025",03:50,EUR,,HCOB France Manufacturing PMI  (Mar),,48.9,45.8
"Tuesday, April 1, 2025",03:55,EUR,,HCOB Germany Manufacturing PMI  (Mar),,48.3,46.5
"Tuesday, April 1, 2025",04:00,EUR,,Italian Monthly Unemployment Rate  (Feb),,,6.3%
"Tuesday, April 1, 2025",04:00,EUR,,Italian Monthly Unemployment Rate,,6.3%,6.3%
"Tuesday, April 1, 2025",04:00,EUR,,HCOB Eurozone Manufacturing PMI  (Mar),,48.7,47.6
"Tuesday, April 1, 2025",04:30,GBP,,S&P Global Manufacturing PMI  (Mar),,44.6,46.9
"Tuesday, April 1, 2025",05:00,EUR,,Core CPI (MoM)  (Mar),,,0.5%
"Tuesday, April 1, 2025",05:00,EUR,,Core CPI (YoY)  (Mar),,2.5%,2.6%
"Tuesday, April 1, 2025",05:00,EUR,,CPI (YoY)  (Mar),,2.2%,2.3%
"Tuesday, April 1, 2025",05:00,EUR,,CPI (MoM)  (Mar),,,0.4%
"Tuesday, April 1, 2025",05:00,EUR,,"CPI, n.s.a  (Mar)",,,127.26
"Tuesday, April 1, 2025",05:00,EUR,,HICP ex Energy & Food (YoY)  (Mar),,,2.6%
"Tuesday, April 1, 2025",05:00,EUR,,HICP ex Energy and Food (MoM)  (Mar),,,0.5%
"Tuesday, April 1, 2025",05:00,EUR,,Unemployment Rate  (Feb),,6.2%,6.2%
"Tuesday, April 1, 2025",05:00,ZAR,,Manufacturing PMI  (Mar),,,44.7
"Tuesday, April 1, 2025",05:30,EUR,,German 2-Year Schatz Auction,,,2.220%
"Tuesday, April 1, 2025",06:00,EUR,,Car Registration (YoY)  (Mar),,,10.50%
"Tuesday, April 1, 2025",06:00,EUR,,Car Registration (MoM)  (Mar),,,24.90%
"Tuesday, April 1, 2025",08:30,EUR,,ECB President Lagarde Speaks,,,
"Tuesday, April 1, 2025",08:30,ZAR,,Total Vehicle Sales  (Mar),,,47.98K
"Tuesday, April 1, 2025",08:30,ZAR,,Total Vehicle Sales (YoY)  (Mar),,,7.30%
"Tuesday, April 1, 2025",08:55,USD,,Redbook (YoY),,,5.6%
"Tuesday, April 1, 2025",09:00,USD,,FOMC Member Barkin Speaks,,,
"Tuesday, April 1, 2025",09:00,BRL,,S&P Global Manufacturing PMI,,,53.0
"Tuesday, April 1, 2025",09:30,CAD,,S&P Global Manufacturing PMI  (Mar),,,47.8
"Tuesday, April 1, 2025",09:45,USD,,S&P Global Manufacturing PMI  (Mar),,49.8,52.7
"Tuesday, April 1, 2025",10:00,USD,,Construction Spending (MoM)  (Feb),,0.2%,-0.2%
"Tuesday, April 1, 2025",10:00,USD,,ISM Manufacturing Employment  (Mar),,,47.6
"Tuesday, April 1, 2025",10:00,USD,,ISM Manufacturing New Orders Index  (Mar),,,48.6
"Tuesday, April 1, 2025",10:00,USD,,ISM Manufacturing PMI  (Mar),,49.6,50.3
"Tuesday, April 1, 2025",10:00,USD,,ISM Manufacturing Prices  (Mar),,64.9,62.4
"Tuesday, April 1, 2025",10:00,USD,,JOLTS Job Openings  (Feb),,7.730M,7.740M
"Tuesday, April 1, 2025",10:00,NZD,,GlobalDairyTrade Price Index,,,0.0%
"Tuesday, April 1, 2025",10:00,USD,,Milk Auctions,,,"4,245.0"
"Tuesday, April 1, 2025",10:10,USD,,IBD/TIPP Economic Optimism  (Apr),,50.1,49.8
"Tuesday, April 1, 2025",10:30,USD,,Dallas Fed Services Revenues  (Mar),,,8.2
"Tuesday, April 1, 2025",10:30,USD,,Texas Services Sector Outlook  (Mar),,,4.6
"Tuesday, April 1, 2025",12:30,EUR,,ECB's Lane Speaks,,,
"Tuesday, April 1, 2025",13:00,USD,,Atlanta Fed GDPNow  (Q1),,-2.8%,-2.8%
"Tuesday, April 1, 2025",17:45,NZD,,Building Consents (MoM)  (Feb),,,2.6%
"Tuesday, April 1, 2025",18:00,AUD,,AIG Construction Index  (Mar),,,-3.7
"Tuesday, April 1, 2025",18:00,AUD,,AIG Manufacturing Index  (Mar),,,-8.2
"Tuesday, April 1, 2025",19:00,KRW,,CPI (YoY)  (Mar),,2.0%,2.0%
"Tuesday, April 1, 2025",19:00,KRW,,CPI (MoM)  (Mar),,0.2%,0.3%
"Tuesday, April 1, 2025",19:25,AUD,,RBA Assist Gov Kent Speaks,,,
"Tuesday, April 1, 2025",19:50,JPY,,Monetary Base (YoY)  (Mar),,-1.5%,-1.9%
"Tuesday, April 1, 2025",20:30,AUD,,Building Approvals (MoM)  (Feb),,-1.4%,6.3%
"Tuesday, April 1, 2025",20:30,AUD,,Private House Approvals  (Feb),,,1.1%
"Tuesday, April 1, 2025",20:30,AUD,,RBA Chart Pack Release,,,
"Wednesday, April 2, 2025",01:00,INR,,S&P Global Manufacturing PMI  (Mar),,57.6,56.3
"Wednesday, April 2, 2025",02:45,EUR,,French Government Budget Balance  (Feb),,-30.2B,-17.3B
"Wednesday, April 2, 2025",03:00,EUR,,Spanish Unemployment Change  (Mar),,-2.5K,-6.0K
"Wednesday, April 2, 2025",03:00,BRL,,IPC-Fipe Inflation Index (MoM)  (Mar),,,0.51%
"Wednesday, April 2, 2025",05:30,EUR,,German 10-Year Bund Auction,,,2.920%
"Wednesday, April 2, 2025",06:30,EUR,,ECB's Schnabel Speaks,,,
"Wednesday, April 2, 2025",07:00,USD,,MBA 30-Year Mortgage Rate,,,6.71%
"Wednesday, April 2, 2025",07:00,USD,,MBA Mortgage Applications (WoW),,,-2.0%
"Wednesday, April 2, 2025",07:00,USD,,MBA Purchase Index,,,155.8
"Wednesday, April 2, 2025",07:00,USD,,Mortgage Market Index,,,247.5
"Wednesday, April 2, 2025",07:00,USD,,Mortgage Refinance Index,,,752.4
"Wednesday, April 2, 2025",07:00,RUB,,GDP Monthly (YoY)  (Jan),,,3.0%
"Wednesday, April 2, 2025",07:30,INR,,M3 Money Supply,,,9.6%
"Wednesday, April 2, 2025",07:30,BRL,,Bank lending (MoM)  (Feb),,,0.0%
"Wednesday, April 2, 2025",08:00,BRL,,Industrial Production (YoY)  (Feb),,,1.4%
"Wednesday, April 2, 2025",08:00,BRL,,Industrial Production (MoM)  (Feb),,,0.0%
"Wednesday, April 2, 2025",08:15,USD,,ADP Nonfarm Employment Change  (Mar),,118K,77K
"Wednesday, April 2, 2025",09:00,SGD,,S&P Global Manufacturing PMI  (Mar),,,50.7
"Wednesday, April 2, 2025",10:00,USD,,Durables Excluding Defense (MoM)  (Feb),,0.8%,0.8%
"Wednesday, April 2, 2025",10:00,USD,,Durables Excluding Transport (MoM)  (Feb),,,0.7%
"Wednesday, April 2, 2025",10:00,USD,,Factory Orders (MoM)  (Feb),,0.5%,1.7%
"Wednesday, April 2, 2025",10:00,USD,,Factory orders ex transportation (MoM)  (Feb),,0.7%,0.2%
"Wednesday, April 2, 2025",10:00,USD,,Total Vehicle Sales  (Mar),,15.90M,16.00M
"Wednesday, April 2, 2025",10:05,EUR,,ECB's Lane Speaks,,,
"Wednesday, April 2, 2025",10:30,USD,,Crude Oil Inventories,,,-3.341M
"Wednesday, April 2, 2025",10:30,USD,,EIA Refinery Crude Runs  (WoW),,,0.087M
"Wednesday, April 2, 2025",10:30,USD,,Crude Oil Imports,,,0.845M
"Wednesday, April 2, 2025",10:30,USD,,Cushing Crude Oil Inventories,,,-0.755M
"Wednesday, April 2, 2025",10:30,USD,,Distillate Fuel Production,,,-0.100M
"Wednesday, April 2, 2025",10:30,USD,,EIA Weekly Distillates Stocks,,,-0.421M
"Wednesday, April 2, 2025",10:30,USD,,Gasoline Production,,,-0.401M
"Wednesday, April 2, 2025",10:30,USD,,Heating Oil Stockpiles,,,-0.035M
"Wednesday, April 2, 2025",10:30,USD,,EIA Weekly Refinery Utilization Rates (WoW),,,0.1%
"Wednesday, April 2, 2025",10:30,USD,,Gasoline Inventories,,,-1.446M
"Wednesday, April 2, 2025",12:00,EUR,,Italian Car Registration (YoY)  (Mar),,,-6.2%
"Wednesday, April 2, 2025",12:00,RUB,,Business Confidence  (Mar),,,3.3
"Wednesday, April 2, 2025",12:00,RUB,,Russian Real Wage Growth (YoY)  (Jan),,,11.3%
"Wednesday, April 2, 2025",12:00,RUB,,Retail Sales (YoY)  (Feb),,1.1%,5.4%
"Wednesday, April 2, 2025",12:00,RUB,,Unemployment Rate  (Feb),,2.3%,2.4%
"Wednesday, April 2, 2025",13:30,BRL,,Foreign Exchange Flows,,,-3.664B
"Wednesday, April 2, 2025",16:30,USD,,FOMC Member Kugler Speaks,,,
"Wednesday, April 2, 2025",17:00,KRW,,FX Reserves - USD  (Mar),,,409.20B
"Wednesday, April 2, 2025",17:45,NZD,,Building Consents (MoM)  (Feb),,,2.6%
"Wednesday, April 2, 2025",18:00,AUD,,RBA Gov Bullock Speaks,,,
"Wednesday, April 2, 2025",18:00,AUD,,Judo Bank Services PMI  (Mar),,51.2,50.8
"Wednesday, April 2, 2025",19:50,JPY,,Foreign Bonds Buying,,,-207.1B
"Wednesday, April 2, 2025",19:50,JPY,,Foreign Investments in Japanese Stocks,,,"-1,206.0B"
"Wednesday, April 2, 2025",20:00,NZD,,ANZ Commodity Price Index (MoM),,,3.0%
"Wednesday, April 2, 2025",20:30,AUD,,Exports (MoM)  (Feb),,,1.3%
"Wednesday, April 2, 2025",20:30,AUD,,Imports (MoM)  (Feb),,,-0.3%
"Wednesday, April 2, 2025",20:30,AUD,,RBA Financial Stability Review,,,
"Wednesday, April 2, 2025",20:30,AUD,,Trade Balance  (Feb),,5.400B,5.620B
"Wednesday, April 2, 2025",20:30,JPY,,au Jibun Bank Services PMI  (Mar),,49.5,53.7
"Wednesday, April 2, 2025",20:30,HKD,,S&P Global Manufacturing PMI  (Mar),,,49.0
"Wednesday, April 2, 2025",21:45,CNY,,Caixin Services PMI  (Mar),,51.5,51.4
"Wednesday, April 2, 2025",23:35,JPY,,10-Year JGB Auction,,,1.404%
"Thursday, April 3, 2025",02:00,RUB,,S&P Global Services PMI  (Mar),,,50.5
"Thursday, April 3, 2025",02:30,CHF,,CPI (MoM)  (Mar),,0.1%,0.6%
"Thursday, April 3, 2025",02:30,CHF,,CPI (YoY)  (Mar),,,0.3%
"Thursday, April 3, 2025",03:15,EUR,,HCOB Spain Services PMI  (Mar),,55.7,56.2
"Thursday, April 3, 2025",03:20,EUR,,ECB's De Guindos Speaks,,,
"Thursday, April 3, 2025",03:45,EUR,,HCOB Italy Composite PMI  (Mar),,,51.9
"Thursday, April 3, 2025",03:45,EUR,,HCOB Italy Services PMI  (Mar),,52.6,53.0
"Thursday, April 3, 2025",03:50,EUR,,HCOB France Composite PMI  (Mar),,47.0,45.1
"Thursday, April 3, 2025",03:50,EUR,,HCOB France Services PMI  (Mar),,46.6,45.3
"Thursday, April 3, 2025",03:55,EUR,,HCOB Germany Composite PMI  (Mar),,50.9,50.4
"Thursday, April 3, 2025",03:55,EUR,,HCOB Germany Services PMI  (Mar),,50.2,51.1
"Thursday, April 3, 2025",04:00,EUR,,HCOB Eurozone Composite PMI  (Mar),,50.4,50.2
"Thursday, April 3, 2025",04:00,EUR,,HCOB Eurozone Services PMI  (Mar),,50.4,50.6
"Thursday, April 3, 2025",04:30,GBP,,S&P Global Composite PMI  (Mar),,52.0,50.5
"Thursday, April 3, 2025",04:30,GBP,,S&P Global Services PMI  (Mar),,53.2,51.0
"Thursday, April 3, 2025",05:00,GBP,,15-Year Treasury Gilt Auction,,,4.836%
"Thursday, April 3, 2025",05:00,RUB,,Russian Forex Intervention  (Apr),,,60.1B
"Thursday, April 3, 2025",05:00,EUR,,PPI (YoY)  (Feb),,,1.8%
"Thursday, April 3, 2025",05:00,EUR,,PPI (MoM)  (Feb),,0.3%,0.8%
"Thursday, April 3, 2025",06:00,USD,,OPEC Meeting,,,
"Thursday, April 3, 2025",06:00,EUR,,ECB's Schnabel Speaks,,,
"Thursday, April 3, 2025",07:30,USD,,Challenger Job Cuts (YoY),,,103.2%
"Thursday, April 3, 2025",07:30,USD,,Challenger Job Cuts  (Mar),,,172.017K
"Thursday, April 3, 2025",07:30,EUR,,ECB Publishes Account of Monetary Policy Meeting,,,
"Thursday, April 3, 2025",08:15,CAD,,Reserve Assets Total  (Mar),,,119.6B
"Thursday, April 3, 2025",08:30,USD,,Continuing Jobless Claims,,,"1,856K"
"Thursday, April 3, 2025",08:30,USD,,Exports  (Feb),,,269.80B
"Thursday, April 3, 2025",08:30,USD,,Imports  (Feb),,,401.20B
"Thursday, April 3, 2025",08:30,USD,,Initial Jobless Claims,,227K,224K
"Thursday, April 3, 2025",08:30,USD,,Jobless Claims 4-Week Avg.,,,224.00K
"Thursday, April 3, 2025",08:30,USD,,Trade Balance  (Feb),,-121.50B,-131.40B
"Thursday, April 3, 2025",08:30,CAD,,Exports  (Feb),,,74.46B
"Thursday, April 3, 2025",08:30,CAD,,Imports  (Feb),,,70.49B
"Thursday, April 3, 2025",08:30,CAD,,Trade Balance  (Feb),,3.40B,3.97B
"Thursday, April 3, 2025",09:00,BRL,,S&P Global Composite PMI  (Mar),,,51.2
"Thursday, April 3, 2025",09:00,BRL,,S&P Global Services PMI  (Mar),,,50.6
"Thursday, April 3, 2025",09:00,RUB,,Central Bank reserves (USD),,,650.4B
"Thursday, April 3, 2025",09:45,USD,,S&P Global Composite PMI  (Mar),,53.5,51.6
"Thursday, April 3, 2025",09:45,USD,,S&P Global Services PMI  (Mar),,54.3,51.0
"Thursday, April 3, 2025",10:00,USD,,ISM Non-Manufacturing Business Activity  (Mar),,,54.4
"Thursday, April 3, 2025",10:00,USD,,ISM Non-Manufacturing Employment  (Mar),,,53.9
"Thursday, April 3, 2025",10:00,USD,,ISM Non-Manufacturing New Orders  (Mar),,,52.2
"Thursday, April 3, 2025",10:00,USD,,ISM Non-Manufacturing PMI  (Mar),,53.0,53.5
"Thursday, April 3, 2025",10:00,USD,,ISM Non-Manufacturing Prices  (Mar),,,62.6
"Thursday, April 3, 2025",10:30,USD,,Natural Gas Storage,,,37B
"Thursday, April 3, 2025",11:30,USD,,4-Week Bill Auction,,,4.220%
"Thursday, April 3, 2025",11:30,USD,,8-Week Bill Auction,,,4.245%
"Thursday, April 3, 2025",12:30,USD,,Fed Governor Jefferson Speaks,,,
"Thursday, April 3, 2025",13:00,USD,,Atlanta Fed GDPNow  (Q1),,,
"Thursday, April 3, 2025",14:30,USD,,Fed Governor Cook Speaks,,,
"Thursday, April 3, 2025",16:30,USD,,Fed's Balance Sheet,,,"6,740B"
"Thursday, April 3, 2025",16:30,USD,,Reserve Balances with Federal Reserve Banks,,,3.450T
"Thursday, April 3, 2025",19:30,JPY,,Household Spending (MoM)  (Feb),,0.5%,-4.5%
"Thursday, April 3, 2025",19:30,JPY,,Household Spending (YoY)  (Feb),,-0.7%,0.8%
"Friday, April 4, 2025",01:00,INR,,S&P Global Services PMI  (Mar),,57.7,59.0
"Friday, April 4, 2025",01:00,SGD,,Retail Sales (MoM)  (Feb),,,2.4%
"Friday, April 4, 2025",01:00,SGD,,Retail Sales (YoY)  (Feb),,,4.5%
"Friday, April 4, 2025",01:45,CHF,,Unemployment Rate n.s.a.  (Mar),,,2.9%
"Friday, April 4, 2025",01:45,CHF,,Unemployment Rate s.a.  (Mar),,2.7%,2.7%
"Friday, April 4, 2025",02:00,EUR,,German Factory Orders (MoM)  (Feb),,3.4%,-7.0%
"Friday, April 4, 2025",02:45,EUR,,French Industrial Production (MoM)  (Feb),,0.5%,-0.6%
"Friday, April 4, 2025",03:00,EUR,,Spanish Industrial Production (YoY)  (Feb),,,-1.0%
"Friday, April 4, 2025",03:30,EUR,,HCOB Italy Construction PMI (MoM)  (Mar),,,48.2
"Friday, April 4, 2025",03:30,EUR,,HCOB Germany Construction PMI  (Mar),,,41.2
"Friday, April 4, 2025",03:30,EUR,,HCOB France Construction PMI (MoM)  (Mar),,,39.8
"Friday, April 4, 2025",03:30,EUR,,HCOB Eurozone Construction PMI (MoM)  (Mar),,,42.7
"Friday, April 4, 2025",04:00,GBP,,Car Registration (YoY)  (Mar),,,-1.0%
"Friday, April 4, 2025",04:00,EUR,,Italian Public Deficit  (Q4),,,2.3%
"Friday, April 4, 2025",04:00,EUR,,Italian Retail Sales (MoM)  (Feb),,0.2%,-0.4%
"Friday, April 4, 2025",04:00,EUR,,Italian Retail Sales (YoY)  (Feb),,,0.9%
"Friday, April 4, 2025",04:00,EUR,,ECB's De Guindos Speaks,,,
"Friday, April 4, 2025",04:30,GBP,,S&P Global Construction PMI  (Mar),,46.5,44.6
"Friday, April 4, 2025",04:30,GBP,,Housing Equity Withdrawal (QoQ),,-10.8B,-12.5B
"Friday, April 4, 2025",05:30,EUR,,French Car Registration (YoY)  (Mar),,,-0.7%
"Friday, April 4, 2025",06:00,EUR,,German Car Registration (YoY)  (Mar),,,-6.4%
"Friday, April 4, 2025",07:00,BRL,,IGP-DI Inflation Index (MoM)  (Mar),,,1.00%
"Friday, April 4, 2025",07:30,INR,,Bank Loan Growth,,,11.1%
"Friday, April 4, 2025",07:30,INR,,Deposit Growth,,,10.2%
"Friday, April 4, 2025",07:30,INR,,"FX Reserves, USD",,,658.80B
"Friday, April 4, 2025",08:30,USD,,Average Hourly Earnings (MoM)  (Mar),,0.3%,0.3%
"Friday, April 4, 2025",08:30,USD,,Average Hourly Earnings (YoY) (YoY)  (Mar),,,4.0%
"Friday, April 4, 2025",08:30,USD,,Average Weekly Hours  (Mar),,34.2,34.1
"Friday, April 4, 2025",08:30,USD,,Government Payrolls  (Mar),,,11.0K
"Friday, April 4, 2025",08:30,USD,,Manufacturing Payrolls  (Mar),,,10K
"Friday, April 4, 2025",08:30,USD,,Nonfarm Payrolls  (Mar),,139K,151K
"Friday, April 4, 2025",08:30,USD,,Participation Rate  (Mar),,,62.4%
"Friday, April 4, 2025",08:30,USD,,Private Nonfarm Payrolls  (Mar),,110K,140K
"Friday, April 4, 2025",08:30,USD,,U6 Unemployment Rate  (Mar),,,8.0%
"Friday, April 4, 2025",08:30,USD,,Unemployment Rate  (Mar),,4.1%,4.1%
"Friday, April 4, 2025",08:30,CAD,,Avg hourly wages Permanent employee  (Mar),,,4.0%
"Friday, April 4, 2025",08:30,CAD,,Employment Change  (Mar),,9.9K,1.1K
"Friday, April 4, 2025",08:30,CAD,,Full Employment Change  (Mar),,,-19.7K
"Friday, April 4, 2025",08:30,CAD,,Part Time Employment Change  (Mar),,,20.8K
"Friday, April 4, 2025",08:30,CAD,,Participation Rate  (Mar),,,65.3%
"Friday, April 4, 2025",08:30,CAD,,Unemployment Rate  (Mar),,6.7%,6.6%
"Friday, April 4, 2025",08:50,JPY,,Foreign Reserves (USD),,,"1,253.3B"
"Friday, April 4, 2025",11:25,USD,,Fed Chair Powell Speaks,,,
"Friday, April 4, 2025",11:25,USD,,Fed Vice Chair for Supervision Barr Speaks,,,
"Friday, April 4, 2025",12:45,USD,,Fed Waller Speaks,,,
"Friday, April 4, 2025",13:00,USD,,U.S. Baker Hughes Oil Rig Count,,,484
"Friday, April 4, 2025",13:00,USD,,U.S. Baker Hughes Total Rig Count,,,592
"Friday, April 4, 2025",14:00,BRL,,Trade Balance  (Mar),,,-0.32B
"Friday, April 4, 2025",15:30,GBP,,CFTC GBP speculative net positions,,,29.4K
"Friday, April 4, 2025",15:30,USD,,CFTC Aluminium speculative net positions,,,1.9K
"Friday, April 4, 2025",15:30,USD,,CFTC Copper speculative net positions,,,25.2K
"Friday, April 4, 2025",15:30,USD,,CFTC Corn speculative net positions,,,200.4K
"Friday, April 4, 2025",15:30,USD,,CFTC Crude Oil speculative net positions,,,180.6K
"Friday, April 4, 2025",15:30,USD,,CFTC Gold speculative net positions,,,257.9K
"Friday, April 4, 2025",15:30,USD,,CFTC Nasdaq 100 speculative net positions,,,23.0K
"Friday, April 4, 2025",15:30,USD,,CFTC Natural Gas speculative net positions,,,-131.9K
"Friday, April 4, 2025",15:30,USD,,CFTC S&P 500 speculative net positions,,,68.3K
"Friday, April 4, 2025",15:30,USD,,CFTC Silver speculative net positions,,,62.3K
"Friday, April 4, 2025",15:30,USD,,CFTC Soybeans speculative net positions,,,-14.4K
"Friday, April 4, 2025",15:30,USD,,CFTC Wheat speculative net positions,,,-82.5K
"Friday, April 4, 2025",15:30,CAD,,CFTC CAD speculative net positions,,,-136.6K
"Friday, April 4, 2025",15:30,CHF,,CFTC CHF speculative net positions,,,-34.4K
"Friday, April 4, 2025",15:30,AUD,,CFTC AUD speculative net positions,,,-70.4K
"Friday, April 4, 2025",15:30,BRL,,CFTC BRL speculative net positions,,,40.7K
"Friday, April 4, 2025",15:30,JPY,,CFTC JPY speculative net positions,,,123.0K
"Friday, April 4, 2025",15:30,NZD,,CFTC NZD speculative net positions,,,-40.4K
"Friday, April 4, 2025",15:30,EUR,,CFTC EUR speculative net positions,,,59.4K
"Saturday, April 5, 2025",05:15,EUR,,ECB's Schnabel Speaks,,,
"Sunday, April 6, 2025",19:30,JPY,,Overall wage income of employees  (Feb),,,2.8%
"Sunday, April 6, 2025",19:30,JPY,,Overtime Pay (YoY)  (Feb),,,3.10%
"Sunday, April 6, 2025",20:30,AUD,,Westpac Consumer Sentiment  (Apr),,,4.0%
"Monday, April 7, 2025",01:00,JPY,,Coincident Indicator (MoM)  (Feb),,,0.1%
"Monday, April 7, 2025",01:00,JPY,,Leading Index (MoM)  (Feb),,,0.4%
"Monday, April 7, 2025",02:00,GBP,,Halifax House Price Index (YoY)  (Mar),,,2.9%
"Monday, April 7, 2025",02:00,GBP,,Halifax House Price Index (MoM)  (Mar),,,-0.1%
"Monday, April 7, 2025",02:00,EUR,,German Exports (MoM)  (Feb),,,-2.5%
"Monday, April 7, 2025",02:00,EUR,,German Imports (MoM)  (Feb),,,1.2%
"Monday, April 7, 2025",02:00,EUR,,German Industrial Production (MoM)  (Feb),,,2.0%
"Monday, April 7, 2025",02:00,EUR,,German Trade Balance  (Feb),,,16.0B
"Monday, April 7, 2025",02:00,EUR,,German Industrial Production (YoY)  (Feb),,,-1.49%
"Monday, April 7, 2025",02:00,ZAR,,Foreign Reserves (USD)  (Mar),,,66.26B
"Monday, April 7, 2025",02:00,ZAR,,Net FX Reserves  (USD)  (Mar),,,61.733B
"Monday, April 7, 2025",03:00,CHF,,Foreign Reserves (USD)  (Mar),,,"735,371.0B"
"Monday, April 7, 2025",04:30,HKD,,Foreign Reserves (USD)  (Mar),,,416.40B
"Monday, April 7, 2025",04:30,EUR,,Sentix Investor Confidence  (Apr),,,-2.9
"Monday, April 7, 2025",05:00,SGD,,Foreign Reserves USD (MoM)  (Mar),,,379.3B
"Monday, April 7, 2025",05:00,EUR,,Retail Sales (YoY)  (Feb),,,1.5%
"Monday, April 7, 2025",05:00,EUR,,Retail Sales (MoM)  (Feb),,,-0.3%
"Monday, April 7, 2025",07:00,CAD,,Leading Index (MoM)  (Mar),,,0.16%
"Monday, April 7, 2025",10:00,USD,,CB Employment Trends Index  (Mar),,,108.56
"Monday, April 7, 2025",12:48,CNY,,FX Reserves (USD)  (Mar),,,3.227T
"Monday, April 7, 2025",15:00,USD,,Consumer Credit  (Feb),,,18.08B
"Monday, April 7, 2025",18:00,NZD,,NZIER Business Confidence  (Q1),,,16%
"Monday, April 7, 2025",19:00,KRW,,Current Account  (Feb),,,2.94B
"Monday, April 7, 2025",19:50,JPY,,Adjusted Current Account  (Feb),,,193.75T
"Monday, April 7, 2025",19:50,JPY,,Current Account n.s.a.  (Feb),,,-0.258T
"Monday, April 7, 2025",21:30,AUD,,NAB Business Confidence  (Mar),,,-1
"Monday, April 7, 2025",21:30,AUD,,NAB Business Survey  (Mar),,,4
"Tuesday, April 8, 2025",01:00,JPY,,Economy Watchers Current Index  (Mar),,,45.6
"Tuesday, April 8, 2025",02:45,EUR,,French Current Account  (Feb),,,-2.20B
"Tuesday, April 8, 2025",02:45,EUR,,French Exports  (Feb),,,49.8B
"Tuesday, April 8, 2025",02:45,EUR,,French Imports  (Feb),,,56.4B
"Tuesday, April 8, 2025",02:45,EUR,,French Reserve Assets Total  (Mar),,,"295,984.0M"
"Tuesday, April 8, 2025",02:45,EUR,,French Trade Balance  (Feb),,,-6.5B
"Tuesday, April 8, 2025",06:00,USD,,NFIB Small Business Optimism  (Mar),,,100.7
"Tuesday, April 8, 2025",07:30,BRL,,Net Debt-to-GDP ratio  (Feb),,,60.8%
"Tuesday, April 8, 2025",07:30,BRL,,Net Debt-to-GDP ratio  (Feb),,,60.8%
"Tuesday, April 8, 2025",07:30,BRL,,Budget Balance  (Feb),,,63.737B
"Tuesday, April 8, 2025",07:30,BRL,,Budget Balance  (Feb),,,63.737B
"Tuesday, April 8, 2025",07:30,BRL,,Budget Surplus  (Feb),,,104.096B
"Tuesday, April 8, 2025",07:30,BRL,,Budget Surplus  (Feb),,,104.096B
"Tuesday, April 8, 2025",07:30,BRL,,Gross Debt-to-GDP ratio (MoM)  (Feb),,,75.3%
"Tuesday, April 8, 2025",07:30,BRL,,Gross Debt-to-GDP ratio (MoM)  (Feb),,,75.3%
"Tuesday, April 8, 2025",10:00,CAD,,Ivey PMI n.s.a  (Mar),,,53.6
"Tuesday, April 8, 2025",10:00,CAD,,Ivey PMI  (Mar),,,55.3
"Tuesday, April 8, 2025",19:00,KRW,,Unemployment Rate  (Mar),,,2.7%
"Tuesday, April 8, 2025",22:00,NZD,,RBNZ Interest Rate Decision,,,3.75%
"Wednesday, April 9, 2025",00:30,INR,,Cash Reserve Ratio,,,4.00%
"Wednesday, April 9, 2025",00:30,INR,,Interest Rate Decision,,,6.25%
"Wednesday, April 9, 2025",00:30,INR,,Reverse REPO Rate,,,3.35%
"Wednesday, April 9, 2025",01:00,JPY,,Household Confidence  (Mar),,,35.0
"Wednesday, April 9, 2025",05:00,BRL,,Brazilian PPI (MoM)  (Feb),,,0.13%
"Wednesday, April 9, 2025",07:30,BRL,,Bank lending (MoM)  (Feb),,,0.0%
"Wednesday, April 9, 2025",08:00,BRL,,Retail Sales (MoM)  (Feb),,,-0.1%
"Wednesday, April 9, 2025",08:00,BRL,,Retail Sales (YoY)  (Feb),,,3.1%
"Wednesday, April 9, 2025",10:00,USD,,Wholesale Inventories (MoM)  (Feb),,,0.3%
"Wednesday, April 9, 2025",10:00,USD,,Wholesale Trade Sales (MoM)  (Feb),,,-1.5%
"Wednesday, April 9, 2025",11:00,USD,,Thomson Reuters IPSOS PCSI  (Apr),,,54.02
"Wednesday, April 9, 2025",11:00,CAD,,Thomson Reuters IPSOS PCSI (MoM)  (Apr),,,45.47
"Wednesday, April 9, 2025",11:00,BRL,,Brazil Thomson Reuters IPSOS PCSI  (Apr),,,49.07
"Wednesday, April 9, 2025",19:01,GBP,,RICS House Price Balance  (Mar),,,11%
"Wednesday, April 9, 2025",19:50,JPY,,Bank Lending (YoY)  (Mar),,,3.1%
"Wednesday, April 9, 2025",19:50,JPY,,PPI (YoY)  (Mar),,,4.0%
"Wednesday, April 9, 2025",19:50,JPY,,PPI (MoM)  (Mar),,,0.0%
"Wednesday, April 9, 2025",21:30,CNY,,CPI (MoM)  (Mar),,,-0.2%
"Wednesday, April 9, 2025",21:30,CNY,,CPI (YoY)  (Mar),,,-0.7%
"Wednesday, April 9, 2025",21:30,CNY,,PPI (YoY)  (Mar),,,-2.2%
"Thursday, April 10, 2025",04:00,EUR,,Italian Industrial Production (YoY)  (Feb),,,-0.6%
"Thursday, April 10, 2025",04:00,EUR,,Italian Industrial Production (MoM)  (Feb),,,3.2%
"Thursday, April 10, 2025",06:00,GBP,,Thomson Reuters IPSOS PCSI  (Feb),,,48.0
"Thursday, April 10, 2025",06:00,EUR,,Italy Thomson Reuters IPSOS PCSI  (Feb),,,48.23
"Thursday, April 10, 2025",06:00,EUR,,Germany Thomson Reuters IPSOS PCSI  (Feb),,,45.36
"Thursday, April 10, 2025",06:00,EUR,,France Thomson Reuters IPSOS PCSI  (Feb),,,40.31
"Thursday, April 10, 2025",06:00,EUR,,Thomson Reuters IPSOS PCSI (MoM)  (Feb),,,49.55
"Thursday, April 10, 2025",06:00,ZAR,,Thomson Reuters IPSOS PCSI (MoM)  (Feb),,,45.27
"Thursday, April 10, 2025",07:00,ZAR,,Manufacturing Production (MoM)  (Feb),,,0.2%
"Thursday, April 10, 2025",07:00,ZAR,,Manufacturing Production (YoY)  (Feb),,,-3.3%
"Thursday, April 10, 2025",08:00,BRL,,Brazilian Service Sector Growth (MoM)  (Feb),,,-0.2%
"Thursday, April 10, 2025",08:00,BRL,,Brazilian Service Sector Growth (YoY)  (Feb),,,1.6%
"Thursday, April 10, 2025",08:30,USD,,Core CPI (MoM)  (Mar),,,0.2%
"Thursday, April 10, 2025",08:30,USD,,Core CPI (YoY)  (Mar),,,3.1%
"Thursday, April 10, 2025",08:30,USD,,Core CPI Index  (Mar),,,325.48
"Thursday, April 10, 2025",08:30,USD,,CPI (YoY)  (Mar),,,2.8%
"Thursday, April 10, 2025",08:30,USD,,CPI (MoM)  (Mar),,,0.2%
"Thursday, April 10, 2025",08:30,USD,,"CPI Index, n.s.a.  (Mar)",,,319.08
"Thursday, April 10, 2025",08:30,USD,,"CPI Index, s.a  (Mar)",,,319.78
"Thursday, April 10, 2025",08:30,USD,,"CPI, n.s.a (MoM)  (Mar)",,,0.44%
"Thursday, April 10, 2025",08:30,USD,,Real Earnings (MoM)  (Mar),,,0.1%
"Thursday, April 10, 2025",08:30,CAD,,Building Permits (MoM)  (Feb),,,-3.2%
"Thursday, April 10, 2025",11:00,USD,,Cleveland CPI (MoM)  (Mar),,,0.3%
"Thursday, April 10, 2025",14:00,USD,,Federal Budget Balance  (Mar),,,-307.0B
"Thursday, April 10, 2025",18:30,NZD,,Business NZ PMI  (Mar),,,53.9
"Thursday, April 10, 2025",19:50,JPY,,M3 Money Supply  (Mar),,,"2,199.8B"
"Thursday, April 10, 2025",22:00,KRW,,Thomson Reuters IPSOS PCSI (MoM)  (Apr),,,39.38
"Thursday, April 10, 2025",22:00,INR,,Thomson Reuters IPSOS PCSI (MoM)  (Apr),,,60.18
"Thursday, April 10, 2025",22:00,AUD,,Thomson Reuters IPSOS PCSI (MoM)  (Apr),,,52.39
"Thursday, April 10, 2025",22:00,JPY,,Thomson Reuters IPSOS PCSI  (Apr),,,35.68
"Thursday, April 10, 2025",22:00,CNY,,China Thomson Reuters IPSOS PCSI  (Apr),,,69.48
"Friday, April 11, 2025",02:00,GBP,,Construction Output (MoM)  (Feb),,,-0.2%
"Friday, April 11, 2025",02:00,GBP,,U.K. Construction Output (YoY)  (Feb),,,0.2%
"Friday, April 11, 2025",02:00,GBP,,GDP (MoM)  (Feb),,,-0.1%
"Friday, April 11, 2025",02:00,GBP,,GDP (YoY)  (Feb),,,1.0%
"Friday, April 11, 2025",02:00,GBP,,Industrial Production (MoM)  (Feb),,,-0.9%
"Friday, April 11, 2025",02:00,GBP,,Industrial Production (YoY)  (Feb),,,-1.5%
"Friday, April 11, 2025",02:00,GBP,,Manufacturing Production (YoY)  (Feb),,,-1.5%
"Friday, April 11, 2025",02:00,GBP,,Manufacturing Production (MoM)  (Feb),,,-1.1%
"Friday, April 11, 2025",02:00,GBP,,Monthly GDP 3M/3M Change  (Feb),,,0.2%
"Friday, April 11, 2025",02:00,GBP,,Trade Balance  (Feb),,,-17.85B
"Friday, April 11, 2025",02:00,GBP,,Trade Balance Non-EU  (Feb),,,-7.07B
"Friday, April 11, 2025",02:00,EUR,,German CPI (MoM)  (Mar),,,0.3%
"Friday, April 11, 2025",02:00,EUR,,German CPI (YoY)  (Mar),,,2.2%
"Friday, April 11, 2025",02:00,EUR,,German HICP (MoM)  (Mar),,,0.4%
"Friday, April 11, 2025",02:00,EUR,,German HICP (YoY)  (Mar),,,2.3%
"Friday, April 11, 2025",03:00,EUR,,Core CPI (YoY)  (Mar),,,2.2%
"Friday, April 11, 2025",03:00,EUR,,Spanish CPI (MoM)  (Mar),,,0.1%
"Friday, April 11, 2025",03:00,EUR,,Spanish CPI (YoY)  (Mar),,,2.3%
"Friday, April 11, 2025",03:00,EUR,,Spanish HICP (MoM)  (Mar),,,0.7%
"Friday, April 11, 2025",03:00,EUR,,Spanish HICP (YoY)  (Mar),,,2.2%
"Friday, April 11, 2025",08:00,EUR,,German Current Account Balance n.s.a  (Feb),,,11.8B
"Friday, April 11, 2025",08:00,BRL,,IBC-Br Economic Activity  (Feb),,,0.90%
"Friday, April 11, 2025",08:00,BRL,,CPI (MoM)  (Mar),,,1.31%
"Friday, April 11, 2025",08:00,BRL,,CPI (YoY)  (Mar),,,5.06%
"Friday, April 11, 2025",08:00,BRL,,Brazilian IPCA Inflation Index SA (MoM)  (Mar),,,1.32%
"Friday, April 11, 2025",08:30,USD,,Core PPI (YoY)  (Mar),,,3.4%
"Friday, April 11, 2025",08:30,USD,,Core PPI (MoM)  (Mar),,,-0.1%
"Friday, April 11, 2025",08:30,USD,,PPI (MoM)  (Mar),,,0.0%
"Friday, April 11, 2025",08:30,USD,,PPI (YoY)  (Mar),,,3.2%
"Friday, April 11, 2025",08:30,USD,,PPI ex. Food/Energy/Transport (YoY)  (Mar),,,3.3%
"Friday, April 11, 2025",08:30,USD,,PPI ex. Food/Energy/Transport (MoM)  (Mar),,,0.2%
"Friday, April 11, 2025",10:00,USD,,Michigan 1-Year Inflation Expectations  (Apr),,,5.0%
"Friday, April 11, 2025",10:00,USD,,Michigan 5-Year Inflation Expectations  (Apr),,,4.1%
"Friday, April 11, 2025",10:00,USD,,Michigan Consumer Expectations  (Apr),,,52.6
"Friday, April 11, 2025",10:00,USD,,Michigan Consumer Sentiment  (Apr),,,57.0
"Friday, April 11, 2025",10:00,USD,,Michigan Current Conditions  (Apr),,,63.8
"Friday, April 11, 2025",12:48,RUB,,Trade Balance  (Feb),,,7.16B
"Friday, April 11, 2025",12:48,RUB,,CPI (YoY)  (Mar),,,10.1%
"Friday, April 11, 2025",12:48,RUB,,CPI (MoM)  (Mar),,,0.8%
"Sunday, April 13, 2025",18:45,NZD,,Electronic Card Retail Sales (YoY)  (Mar),,,-4.2%
"Sunday, April 13, 2025",18:45,NZD,,Electronic Card Retail Sales (MoM)  (Mar),,,0.3%
"Sunday, April 13, 2025",18:45,NZD,,External Migration & Visitors  (Feb),,,13.40%
"Sunday, April 13, 2025",18:45,NZD,,Permanent/Long-Term Migration  (Feb),,,"2,380"
"Monday, April 14, 2025",00:30,JPY,,Capacity Utilization (MoM)  (Feb),,,4.5%
"Monday, April 14, 2025",00:30,JPY,,Industrial Production (MoM)  (Feb),,,2.5%
"Monday, April 14, 2025",02:30,CHF,,PPI (YoY)  (Mar),,,-0.1%
"Monday, April 14, 2025",02:30,CHF,,PPI (MoM)  (Mar),,,0.3%
"Monday, April 14, 2025",02:30,INR,,WPI Food (YoY)  (Mar),,,3.38%
"Monday, April 14, 2025",02:30,INR,,WPI Fuel (YoY)  (Mar),,,-0.71%
"Monday, April 14, 2025",02:30,INR,,WPI Inflation (YoY)  (Mar),,,2.38%
"Monday, April 14, 2025",02:30,INR,,WPI Manufacturing Inflation (YoY)  (Mar),,,2.86%
"Monday, April 14, 2025",06:30,INR,,CPI (YoY)  (Mar),,,3.61%
"Monday, April 14, 2025",07:00,USD,,OPEC Monthly Report,,,
"Monday, April 14, 2025",08:30,CAD,,Wholesale Sales (MoM)  (Feb),,,1.2%
"Monday, April 14, 2025",12:48,CNY,,Exports  (Mar),,,-1.90M
"Monday, April 14, 2025",12:48,CNY,,Trade Balance  (Mar),,,228.19B
"Monday, April 14, 2025",12:48,CNY,,Imports  (Mar),,,2.50M
"Monday, April 14, 2025",12:48,CNY,,Exports (YoY)  (Mar),,,2.3%
"Monday, April 14, 2025",12:48,CNY,,Imports (YoY)  (Mar),,,-8.4%
"Monday, April 14, 2025",12:48,CNY,,Trade Balance (USD)  (Mar),,,170.52B
"Monday, April 14, 2025",18:45,NZD,,FPI (MoM)  (Mar),,,-0.5%
"Monday, April 14, 2025",19:01,GBP,,BRC Retail Sales Monitor (YoY)  (Mar),,,0.9%
"Monday, April 14, 2025",19:55,KRW,,Exports (YoY)  (Mar),,,0.7%
"Monday, April 14, 2025",19:55,KRW,,Imports (YoY)  (Mar),,,0.2%
"Monday, April 14, 2025",19:55,KRW,,Trade Balance  (Mar),,,4.15B
"Monday, April 14, 2025",23:00,KRW,,M3 Money Supply  (Feb),,,"5,709.9B"
"Monday, April 14, 2025",23:00,KRW,,M2 Money supply  (Feb),,,5.70%
"Tuesday, April 15, 2025",02:00,GBP,,Average Earnings ex Bonus  (Feb),,,5.9%
"Tuesday, April 15, 2025",02:00,GBP,,Average Earnings Index +Bonus  (Feb),,,5.8%
"Tuesday, April 15, 2025",02:00,GBP,,Claimant Count Change  (Mar),,,44.2K
"Tuesday, April 15, 2025",02:00,GBP,,Employment Change 3M/3M (MoM)  (Feb),,,144K
"Tuesday, April 15, 2025",02:00,GBP,,Unemployment Rate  (Feb),,,4.4%
"Tuesday, April 15, 2025",02:00,EUR,,German WPI (YoY)  (Mar),,,1.6%
"Tuesday, April 15, 2025",02:00,EUR,,German WPI (MoM)  (Mar),,,0.6%
"Tuesday, April 15, 2025",02:45,EUR,,French CPI NSA (YoY)  (Mar),,,0.80%
"Tuesday, April 15, 2025",02:45,EUR,,French CPI NSA (MoM)  (Mar),,,0.20%
"Tuesday, April 15, 2025",02:45,EUR,,French CPI (MoM)  (Mar),,,0.0%
"Tuesday, April 15, 2025",02:45,EUR,,French HICP (YoY)  (Mar),,,0.9%
"Tuesday, April 15, 2025",02:45,EUR,,French HICP (MoM)  (Mar),,,0.2%
"Tuesday, April 15, 2025",02:45,EUR,,France Inflation Ex-Tobacco (YoY)  (Mar),,,0.70%
"Tuesday, April 15, 2025",05:00,EUR,,German ZEW Current Conditions  (Apr),,,-87.6
"Tuesday, April 15, 2025",05:00,EUR,,German ZEW Economic Sentiment  (Apr),,,51.6
"Tuesday, April 15, 2025",05:00,EUR,,Industrial Production (YoY)  (Feb),,,0.0%
"Tuesday, April 15, 2025",05:00,EUR,,Industrial Production (MoM)  (Feb),,,0.8%
"Tuesday, April 15, 2025",05:00,EUR,,ZEW Economic Sentiment  (Apr),,,39.8
"Tuesday, April 15, 2025",05:30,ZAR,,Gold Production (YoY)  (Feb),,,1.0%
"Tuesday, April 15, 2025",05:30,ZAR,,Mining Production  (Feb),,,-2.7%
"Tuesday, April 15, 2025",07:00,BRL,,IGP-10 Inflation Index (MoM)  (Apr),,,0.0%
"Tuesday, April 15, 2025",07:00,EUR,,Reserve Assets Total  (Mar),,,"1,477.77B"
"Tuesday, April 15, 2025",08:15,CAD,,Housing Starts  (Mar),,,229.0K
"Tuesday, April 15, 2025",08:30,USD,,Export Price Index (MoM)  (Mar),,,0.1%
"Tuesday, April 15, 2025",08:30,USD,,Import Price Index (MoM)  (Mar),,,0.4%
"Tuesday, April 15, 2025",08:30,USD,,NY Empire State Manufacturing Index  (Apr),,,-20.00
"Tuesday, April 15, 2025",08:30,CAD,,Common CPI (YoY)  (Mar),,,2.5%
"Tuesday, April 15, 2025",08:30,CAD,,Core CPI (MoM)  (Mar),,,0.7%
"Tuesday, April 15, 2025",08:30,CAD,,Core CPI (YoY)  (Mar),,,2.7%
"Tuesday, April 15, 2025",08:30,CAD,,CPI (YoY)  (Mar),,,2.6%
"Tuesday, April 15, 2025",08:30,CAD,,CPI (MoM)  (Mar),,,1.1%
"Tuesday, April 15, 2025",08:30,CAD,,Manufacturing Sales (MoM)  (Feb),,,1.7%
"Tuesday, April 15, 2025",08:30,CAD,,Median CPI (YoY)  (Mar),,,2.9%
"Tuesday, April 15, 2025",08:30,CAD,,Trimmed CPI (YoY)  (Mar),,,2.9%
"Tuesday, April 15, 2025",13:00,NZD,,Exports  (Mar),,,6.74B
"Tuesday, April 15, 2025",13:00,NZD,,Imports  (Mar),,,6.23B
"Tuesday, April 15, 2025",13:00,NZD,,Trade Balance (YoY)  (Mar),,,"-6,510M"
"Tuesday, April 15, 2025",13:00,NZD,,Trade Balance (MoM)  (Mar),,,510M
"Tuesday, April 15, 2025",17:00,KRW,,Export Price Index (YoY)  (Mar),,,6.3%
"Tuesday, April 15, 2025",17:00,KRW,,Import Price Index (YoY)  (Mar),,,4.6%
"Tuesday, April 15, 2025",19:00,JPY,,Reuters Tankan Index  (Apr),,,-1
"Tuesday, April 15, 2025",19:50,JPY,,Core Machinery Orders (MoM)  (Feb),,,-3.5%
"Tuesday, April 15, 2025",19:50,JPY,,Core Machinery Orders (YoY)  (Feb),,,4.4%
"Tuesday, April 15, 2025",21:00,AUD,,MI Leading Index (MoM)  (Mar),,,0.1%
"Tuesday, April 15, 2025",21:30,CNY,,House Prices (YoY)  (Mar),,,-4.8%
"Tuesday, April 15, 2025",22:00,CNY,,Fixed Asset Investment (YoY)  (Mar),,,4.1%
"Tuesday, April 15, 2025",22:00,CNY,,GDP (YoY)  (Q1),,,5.4%
"Tuesday, April 15, 2025",22:00,CNY,,GDP (QoQ)  (Q1),,,1.6%
"Tuesday, April 15, 2025",22:00,CNY,,Chinese GDP YTD  (YoY)  (Q1),,,5.0%
"Tuesday, April 15, 2025",22:00,CNY,,Industrial Production (YoY)  (Mar),,,5.9%
"Tuesday, April 15, 2025",22:00,CNY,,Chinese Industrial Production YTD  (YoY)  (Mar),,,5.9%
"Tuesday, April 15, 2025",22:00,CNY,,Retail Sales (YoY)  (Mar),,,4.0%
"Tuesday, April 15, 2025",22:00,CNY,,Chinese Retail Sales YTD  (YoY)  (Mar),,,2.98%
"Tuesday, April 15, 2025",22:00,CNY,,Chinese Unemployment Rate  (Mar),,,5.4%
"Tuesday, April 15, 2025",23:00,NZD,,RBNZ Offshore Holdings  (Mar),,,59.20%
"Wednesday, April 16, 2025",02:00,GBP,,Core CPI (YoY)  (Mar),,,3.5%
"Wednesday, April 16, 2025",02:00,GBP,,Core CPI (MoM)  (Mar),,,0.4%
"Wednesday, April 16, 2025",02:00,GBP,,Core RPI (MoM)  (Mar),,,0.6%
"Wednesday, April 16, 2025",02:00,GBP,,Core RPI (YoY)  (Mar),,,3.0%
"Wednesday, April 16, 2025",02:00,GBP,,CPI (MoM)  (Mar),,,0.4%
"Wednesday, April 16, 2025",02:00,GBP,,CPI (YoY)  (Mar),,,2.8%
"Wednesday, April 16, 2025",02:00,GBP,,"CPI, n.s.a  (Mar)",,,136.00
"Wednesday, April 16, 2025",02:00,GBP,,RPI (YoY)  (Mar),,,3.4%
"Wednesday, April 16, 2025",02:00,GBP,,RPI (MoM)  (Mar),,,0.6%
"Wednesday, April 16, 2025",04:00,EUR,,Italian CPI (MoM)  (Mar),,,0.4%
"Wednesday, April 16, 2025",04:00,EUR,,Italian CPI (YoY)  (Mar),,,2.0%
"Wednesday, April 16, 2025",04:00,EUR,,Italian CPI Ex Tobacco (YoY)  (Mar),,,1.5%
"Wednesday, April 16, 2025",04:00,EUR,,Italian HICP (MoM)  (Mar),,,1.6%
"Wednesday, April 16, 2025",04:00,EUR,,Italian HICP (YoY)  (Mar),,,2.1%
"Wednesday, April 16, 2025",04:00,EUR,,Current Account  (Feb),,,35.4B
"Wednesday, April 16, 2025",04:00,EUR,,Current Account n.s.a.  (Feb),,,13.2B
"Wednesday, April 16, 2025",05:00,EUR,,Core CPI (MoM)  (Mar),,,0.6%
"Wednesday, April 16, 2025",05:00,EUR,,Core CPI (YoY)  (Mar),,,2.6%
"Wednesday, April 16, 2025",05:00,EUR,,CPI (YoY)  (Mar),,,2.3%
"Wednesday, April 16, 2025",05:00,EUR,,CPI (MoM)  (Mar),,,0.4%
"Wednesday, April 16, 2025",05:00,EUR,,CPI ex Tobacco (YoY)  (Mar),,,2.2%
"Wednesday, April 16, 2025",05:00,EUR,,CPI ex Tobacco (MoM)  (Mar),,,0.4%
"Wednesday, April 16, 2025",05:00,EUR,,HICP ex Energy & Food (YoY)  (Mar),,,2.6%
"Wednesday, April 16, 2025",05:00,EUR,,HICP ex Energy and Food (MoM)  (Mar),,,0.5%
"Wednesday, April 16, 2025",07:00,ZAR,,Retail Sales (YoY)  (Feb),,,7.0%
"Wednesday, April 16, 2025",08:30,USD,,Core Retail Sales (MoM)  (Mar),,,0.3%
"Wednesday, April 16, 2025",08:30,USD,,Retail Control (MoM)  (Mar),,,1.0%
"Wednesday, April 16, 2025",08:30,USD,,Retail Sales (MoM)  (Mar),,,0.2%
"Wednesday, April 16, 2025",08:30,USD,,Retail Sales (YoY)  (Mar),,,3.11%
"Wednesday, April 16, 2025",08:30,USD,,Retail Sales Ex Gas/Autos (MoM)  (Mar),,,0.5%
"Wednesday, April 16, 2025",09:15,USD,,Capacity Utilization Rate  (Mar),,,78.2%
"Wednesday, April 16, 2025",09:15,USD,,Industrial Production (YoY)  (Mar),,,1.44%
"Wednesday, April 16, 2025",09:15,USD,,Industrial Production (MoM)  (Mar),,,0.7%
"Wednesday, April 16, 2025",09:15,USD,,Manufacturing Production (MoM)  (Mar),,,0.9%
"Wednesday, April 16, 2025",10:00,USD,,Business Inventories (MoM)  (Feb),,,0.3%
"Wednesday, April 16, 2025",10:00,USD,,NAHB Housing Market Index  (Apr),,,39
"Wednesday, April 16, 2025",10:00,USD,,Retail Inventories Ex Auto  (Feb),,,0.1%
"Wednesday, April 16, 2025",12:00,RUB,,PPI (MoM)  (Mar),,,0.9%
"Wednesday, April 16, 2025",12:00,RUB,,PPI (YoY)  (Mar),,,9.8%
"Wednesday, April 16, 2025",13:00,USD,,Atlanta Fed GDPNow  (Q1),,,
"Wednesday, April 16, 2025",16:00,USD,,"US Foreign Buying, T-bonds  (Feb)",,,-13.30B
"Wednesday, April 16, 2025",16:00,USD,,Overall Net Capital Flow  (Feb),,,-48.80B
"Wednesday, April 16, 2025",16:00,USD,,TIC Net Long-Term Transactions  (Feb),,,-45.2B
"Wednesday, April 16, 2025",16:00,USD,,TIC Net Long-Term Transactions including Swaps  (Feb),,,-45.20B
"Wednesday, April 16, 2025",18:45,NZD,,CPI (QoQ)  (Q1),,,0.5%
"Wednesday, April 16, 2025",18:45,NZD,,CPI (YoY)  (Q1),,,2.2%
"Wednesday, April 16, 2025",19:50,JPY,,Exports (YoY)  (Mar),,,11.4%
"Wednesday, April 16, 2025",19:50,JPY,,Imports (YoY)  (Mar),,,-0.7%
"Wednesday, April 16, 2025",19:50,JPY,,Trade Balance  (Mar),,,590.5B
"Wednesday, April 16, 2025",20:30,SGD,,Non-Oil Exports (YoY)  (Mar),,,7.60%
"Wednesday, April 16, 2025",20:30,SGD,,Non-Oil Exports (MoM)  (Mar),,,2.60%
"Wednesday, April 16, 2025",21:00,KRW,,Interest Rate Decision  (Apr),,,2.75%
"Wednesday, April 16, 2025",21:30,AUD,,Employment Change  (Mar),,,-52.8K
"Wednesday, April 16, 2025",21:30,AUD,,Full Employment Change  (Mar),,,-35.7K
"Wednesday, April 16, 2025",21:30,AUD,,Participation Rate  (Mar),,,66.8%
"Wednesday, April 16, 2025",21:30,AUD,,Reserve Assets Total  (Mar),,,"103,702.0B"
"Wednesday, April 16, 2025",21:30,AUD,,Unemployment Rate  (Mar),,,4.1%
"Thursday, April 17, 2025",02:00,CHF,,Trade Balance  (Mar),,,4.803B
"Thursday, April 17, 2025",08:30,USD,,Building Permits (MoM)  (Mar),,,-1.0%
"Thursday, April 17, 2025",08:30,USD,,Building Permits  (Mar),,,1.459M
"Thursday, April 17, 2025",08:30,USD,,Housing Starts  (Mar),,,1.501M
"Thursday, April 17, 2025",08:30,USD,,Housing Starts (MoM)  (Mar),,,11.2%
"Thursday, April 17, 2025",08:30,USD,,Philadelphia Fed Manufacturing Index  (Apr),,,12.5
"Thursday, April 17, 2025",08:30,USD,,Philly Fed Business Conditions  (Apr),,,5.6
"Thursday, April 17, 2025",08:30,USD,,Philly Fed CAPEX Index  (Apr),,,13.40
"Thursday, April 17, 2025",08:30,USD,,Philly Fed Employment  (Apr),,,19.7
"Thursday, April 17, 2025",08:30,USD,,Philly Fed New Orders  (Apr),,,8.7
"Thursday, April 17, 2025",08:30,USD,,Philly Fed Prices Paid  (Apr),,,48.30
"Thursday, April 17, 2025",08:30,CAD,,Foreign Securities Purchases  (Feb),,,7.91B
"Thursday, April 17, 2025",08:30,CAD,,Foreign Securities Purchases by Canadians  (Feb),,,-3.150B
"Thursday, April 17, 2025",09:15,EUR,,Deposit Facility Rate  (Apr),,,2.50%
"Thursday, April 17, 2025",09:15,EUR,,ECB Interest Rate Decision  (Apr),,,2.65%
"Thursday, April 17, 2025",10:30,USD,,Atlanta Fed GDPNow  (Q1),,,
"Thursday, April 17, 2025",19:30,JPY,,"CPI, n.s.a (MoM)  (Mar)",,,-0.4%
"Thursday, April 17, 2025",19:30,JPY,,National Core CPI (YoY)  (Mar),,,3.0%
"Thursday, April 17, 2025",19:30,JPY,,National CPI (YoY)  (Mar),,,3.7%
"Friday, April 18, 2025",04:00,EUR,,Italian Trade Balance  (Feb),,,-0.264B
"Friday, April 18, 2025",04:00,EUR,,Italian Trade Balance EU  (Feb),,,-0.64B
"Sunday, April 20, 2025",21:00,CNY,,China Loan Prime Rate 5Y  (Apr),,,3.60%
"Monday, April 21, 2025",03:00,CHF,,M3 Money Supply  (Mar),,,"1,158,350.0B"
"Thursday, April 24, 2025",13:00,USD,,Atlanta Fed GDPNow  (Q1),,,
"Tuesday, April 29, 2025",10:30,USD,,Atlanta Fed GDPNow  (Q1),,,
"Wednesday, April 30, 2025",13:00,USD,,Atlanta Fed GDPNow  (Q2),,,
"Wednesday, April 30, 2025",23:00,JPY,,BoJ Interest Rate Decision,,,0.50%
"Wednesday, May 7, 2025",14:00,USD,,Fed Interest Rate Decision,,,4.50%
"Wednesday, May 14, 2025",07:00,USD,,OPEC Monthly Report,,,
"Monday, June 16, 2025",07:00,USD,,OPEC Monthly Report,,,
"Monday, June 16, 2025",23:00,JPY,,BoJ Interest Rate Decision,,,
"Wednesday, June 18, 2025",14:00,USD,,Fed Interest Rate Decision,,,
"Tuesday, July 15, 2025",07:00,USD,,OPEC Monthly Report,,,
"Tuesday, July 29, 2025",23:00,JPY,,BoJ Interest Rate Decision,,,
"Wednesday, July 30, 2025",14:00,USD,,Fed Interest Rate Decision,,,
"Tuesday, August 12, 2025",07:00,USD,,OPEC Monthly Report,,,
"Thursday, September 11, 2025",07:00,USD,,OPEC Monthly Report,,,
"Wednesday, September 17, 2025",14:00,USD,,Fed Interest Rate Decision,,,
"Thursday, September 18, 2025",23:00,JPY,,BoJ Interest Rate Decision,,,
"Monday, October 13, 2025",07:00,USD,,OPEC Monthly Report,,,
"Wednesday, October 29, 2025",14:00,USD,,Fed Interest Rate Decision,,,
"Wednesday, October 29, 2025",23:00,JPY,,BoJ Interest Rate Decision,,,
"Wednesday, November 12, 2025",08:00,USD,,OPEC Monthly Report,,,
"Wednesday, December 10, 2025",15:00,USD,,Fed Interest Rate Decision,,,
"Thursday, December 11, 2025",08:00,USD,,OPEC Monthly Report,,,
"Thursday, December 18, 2025",23:00,JPY,,BoJ Interest Rate Decision,,,
